deal_website_name,cancellation_year,grid_name,grid
RWTH Aachen,2016,RWTH Aachen University,grid.1957.a
Uni Augsburg,2016,University of Augsburg,grid.7307.3
Uni Bamberg,2016,University of Bamberg,grid.7359.8
Uni Bielefeld,2016,Bielefeld University,grid.7491.b
TU Braunschweig,2016,Braunschweig University of Technology,grid.6738.a
Universitaet der Bundeswehr Hamburg,2016,Helmut Schmidt University,grid.49096.32
Universitaet der Bundeswehr Muenchen,2016,Bundeswehr University Munich,grid.7752.7
TU Clausthal,2016,Clausthal University of Technology,grid.5164.6
TU Dortmund,2016,TU Dortmund University,grid.5675.1
Uni Eichstaett-Ingolstadt,2016,Catholic University of Eichst?tt-Ingolstadt,grid.440923.8
Uni Erlangen-Nuernberg,2016,University of Erlangen-Nuremberg,grid.5330.5
Uni Goettingen,2016,University of G?ttingen,grid.7450.6
Uni Greifswald,2016,University of Greifswald,grid.5603.0
FernUni Hagen,2016,University of Hagen,grid.31730.36
Uni Halle,2016,Martin Luther University Halle-Wittenberg,grid.9018.0
Uni Hamburg,2016,Universit?t Hamburg,grid.9026.d
Uni Hannover,2016,University of Hannover,grid.9122.8
TU Ilmenau,2016,Ilmenau University of Technology,grid.6553.5
Uni Luebeck,2016,University of Luebeck,grid.4562.5
Uni Lueneburg,2016,Leuphana University of Lueneburg,grid.10211.33
TU Muenchen,2016,Technical University Munich,grid.6936.a
Uni Muenster,2016,University of Muenster,grid.5949.1
Uni Osnabrueck,2016,Osnabrueck University,grid.10854.38
Uni Passau,2016,University of Passau,grid.11046.32
Uni Regensburg,2016,University of Regensburg,grid.7727.5
Uni Rostock,2016,University of Rostock,grid.10493.3f
Uni Siegen,2016,University of Siegen,grid.5836.8
Uni Weimar,2016,Bauhaus University Weimar,grid.41315.32
Uni Wuppertal,2016,University of Wuppertal,grid.7787.f
Uni Wuerzburg,2016,University of Wuerzburg,grid.8379.5
FH Aachen,2016,FH Aachen,grid.434081.a
HS Bonn-Rhein-Sieg,2016,Bonn-Rhein-Sieg University of Applied Sciences,grid.425058.e
HS Darmstadt,2016,Darmstadt University of Applied Sciences,grid.449026.d
HS Emden/Leer,2016,University of Applied Sciences Emden Leer,grid.454316.1
Frankfurt UAS,2016,Frankfurt University of Applied Sciences,grid.448814.5
HS Fresenius,2016,Fresenius University of Applied Sciences,grid.440934.e
HS Geisenheim University,2016,Hochschule Geisenheim University,grid.424509.e
Kuehne Logistics University Hamburg,2016,Kühne Logistics University,grid.448855.0
HS Hannover,2016,Hochschule Hannover,grid.461671.3
Medizinische Hochschule Hannover,2016,Hannover Medical School,grid.10423.34
Stiftung Tieraerztliche Hochschule Hannover,2016,University of Veterinary Medicine Hannover Foundation,grid.412970.9
DSHS Koeln,2016,German Sport University Cologne,grid.27593.3a
TH Koeln,2016,TH Koeln – University of Applied Sciences,grid.434092.8
HHL – Leipzig Graduate School of Management,2016,HHL Leipzig Graduate School of Management,grid.461621.6
HS Osnabrueck,2016,Hochschule Osnabrueck,grid.434095.f
HS Ostwestfalen-Lippe,2016,Ostwestfalen-Lippe University of Applied Sciences and Arts,grid.434955.a
HS Rhein-Waal,2016,Rhine-Waal University of Applied Sciences,grid.449481.4
Deutsches Institut fuer Ernaehrungsforschung Potsdam-Rehbruecke,2016,German Institute of Human Nutrition,grid.418213.d
Deutsches Institut fuer Internationale Paedagogische Forschung,2016,German Institute for International Educational Research,grid.461683.e
Forschungszentrum Borstel,2016,Research Center Borstel - Leibniz-Center for Medicine and Biosciences,grid.418187.3
Institut fuer Arbeitsmarkt- und Berufsforschung,2016,Institut fuer Arbeitsmarkt und Berufsforschung,grid.425330.3
Institut fuer Deutsche Sprache,2016,Institute for the German Language,grid.443960.c
Julius Kuehn-Institut,2016,Julius Kuehn-Institut,grid.13946.39
Leibniz-Institut fuer Agrarentwicklung in Transformationsoekonomien Halle,2016,Leibniz Institute of Agricultural Development in Transition Economies,grid.425200.1
Leibniz-Institut fuer Analytische Wissenschaften – ISAS – e.V.,2016,Leibniz Institute for Analytical Sciences - ISAS,grid.419243.9
Leibniz-Institut fuer Arbeitsforschung an der TU Dortmund,2016,Leibniz Research Centre for Working Environment and Human Factors,grid.419241.b
Leibniz-Institut fuer Festkoerper- und Werkstoffforschung,2016,Leibniz Institute for Solid State and Materials Research,grid.14841.38
Leibniz-Zentrum fuer Marine Tropenforschung,2016,Leibniz Center for Tropical Marine Ecology,grid.461729.f
Leibniz-Institut fuer Nutztierbiologie,2016,Leibniz Institute for Farm Animal Biology,grid.418188.c
Leibniz-Institut fuer oekologische Raumentwicklung,2016,Leibniz Institute of Ecological Urban and Regional Development,grid.424805.f
Leibniz-Institut fuer Ostseeforschung Warnemuende,2016,Leibniz Institute for Baltic Sea Research,grid.423940.8
Leibniz-Institut fuer Pflanzenbiochemie,2016,Leibniz Institute of Plant Biochemistry,grid.425084.f
Leibniz-Institut fuer Pflanzengenetik und Kulturpflanzenforschung,2016,Institute of Plant Genetics and Crop Plant Research,grid.418934.3
Leibniz-Institut fuer Polymerforschung Dresden e. V.,2016,Leibniz Institute of Polymer Research,grid.419239.4
Leibniz-Institut fuer Wirtschaftsforschung Halle,2016,Halle Institute for Economic Research,grid.469841.6
Leibniz-Institut fuer Zoo- und Wildtierforschung,2016,Leibniz Institute for Zoo and Wildlife Research,grid.418779.4
Mathematisches Forschungsinstitut Oberwolfach gGmbH,2016,Mathematical Research Institute of Oberwolfach,grid.429497.5
Paul-Ehrlich-Institut,2016,Paul Ehrlich Institut,grid.425396.f
RWI – Leibniz-Institut fuer Wirtschaftsforschung,2016,Rheinisch-Westfaelisches Institut fuer Wirtschaftsforschung,grid.437257.0
Schloss Dagstuhl – Leibniz-Zentrum fuer Informatik GmbH,2016,Schloss Dagstuhl – Leibniz Center for Informatics,grid.469874.0
ZBW – Leibniz-Informationszentrum Wirtschaft,2016,German National Library of Economics,grid.461649.8
Bayerische Staatsbibliothek,2016,Bavarian State Library,grid.432478.e
Staatsbibliothek zu Berlin,2016,Berlin State Library,grid.461943.d
Wuerttembergische Landesbibliothek WLB Stuttgart,2016,State Library of Wuerttemberg,grid.461830.8
Uni Bayreuth,2017,University of Bayreuth,grid.7384.8
Charité – Universitaetsmedizin Berlin,2017,Charité,grid.6363.0
FU Berlin,2017,Freie Universit?t Berlin,grid.14095.39
HU Berlin,2017,Humboldt University of Berlin,grid.7468.d
TU Berlin,2017,Technical University of Berlin,grid.6734.6
Uni Bochum,2017,Ruhr University Bochum,grid.5570.7
Uni Bremen,2017,University of Bremen,grid.7704.4
TU Darmstadt,2017,Technical University of Darmstadt,grid.6546.1
Uni Frankfurt a.M.,2017,Goethe University Frankfurt,grid.7839.5
Uni Freiburg,2017,University of Freiburg,grid.5963.9
Uni Giessen,2017,University of Giessen,grid.8664.c
Universitaetsklinikum Hamburg-Eppendorf,2017,University Medical Center Hamburg-Eppendorf,grid.13648.38
Uni Heidelberg,2017,Heidelberg University,grid.7700.0
Uni Hohenheim,2017,University of Hohenheim,grid.9464.f
TU Kaiserslautern,2017,University of Kaiserslautern,grid.7645.0
KIT Karlsruhe,2017,Karlsruhe Institute of Technology,grid.7892.4
Uni Kassel,2017,University of Kassel,grid.5155.4
Uni Kiel,2017,Kiel University,grid.9764.c
Uni Konstanz,2017,University of Konstanz,grid.9811.1
Uni Magdeburg,2017,Otto-von-Guericke University Magdeburg,grid.5807.a
Uni Mainz,2017,Johannes Gutenberg University of Mainz,grid.5802.f
Uni Mannheim,2017,University of Mannheim,grid.5601.2
Uni Marburg,2017,Philipp University of Marburg,grid.10253.35
Uni Oldenburg,2017,Carl von Ossietzky University of Oldenburg,grid.5560.6
Uni Potsdam,2017,University of Potsdam,grid.11348.3f
Uni des Saarlandes,2017,Saarland University,grid.11749.3a
Uni Stuttgart,2017,University of Stuttgart,grid.5719.a
Uni Trier,2017,University of Trier,grid.12391.38
Uni Tuebingen,2017,University of Tuebingen,grid.10392.39
Uni Ulm,2017,University of Ulm,grid.6582.9
HS Aalen,2017,Hochschule Aalen,grid.440920.b
HS Albstadt-Sigmaringen,2017,Albstadt-Sigmaringen University,grid.460102.1
Ostbayerische TH Amberg-Weiden,2017,Ostbayerische Technische Hochschule Amberg Weiden,grid.462281.b
HaW Augsburg,2017,Augsburg University of Applied Sciences,grid.440970.e
HS Biberach a.d.R.,2017,University of Applied Sciences Biberach,grid.440922.9
FH Bielefeld,2017,Fachhochschule Bielefeld,grid.434083.8
HS Gesundheit Bochum,2017,hsg Bochum - University of Applied Sciences,grid.466372.2
HS Bremen,2017,Bremen University of Applied Sciences,grid.424704.1
HS fuer Kuenste Bremen,2017,University of the Arts Bremen,grid.449701.f
HS Bremerhaven,2017,Hochschule Bremerhaven,grid.461640.1
HaW Coburg,2017,Coburg University of Applied Sciences,grid.461647.6
TH Deggendorf,2017,Deggendorf Institute of Technology,grid.449751.a
HS Esslingen,2017,Esslingen University of Applied Sciences,grid.448696.1
PH Freiburg,2017,University of Education Freiburg,grid.461778.b
HS Fulda,2017,Fulda University of Applied Sciences,grid.430588.2
HS Furtwangen,2017,Furtwangen University,grid.21051.37
THM Gießen,2017,Technische Hochschule Mittelhessen,grid.440967.8
HaW Hamburg,2017,Hamburg University of Applied Sciences,grid.11500.35
HS Hamm-Lippstadt,2017,Hamm-Lippstadt University of Applied Sciences,grid.461668.b
PH Heidelberg,2017,Heidelberg University of Education,grid.461780.c
DHBW Heidenheim,2017,Baden-Wuerttemberg Cooperative State University,grid.449295.7
DHBW Center for Advanced Studies Heilbronn,2017,Baden-Wuerttemberg Cooperative State University,grid.449295.7
DHBW Heilbronn,2017,Baden-Wuerttemberg Cooperative State University,grid.449295.7
HS Heilbronn,2017,Heilbronn University,grid.461673.1
TH Ingolstadt,2017,Technische Hochschule Ingolstadt,grid.454235.1
DHBW Karlsruhe,2017,Baden-Wuerttemberg Cooperative State University,grid.449295.7
HS Karlsruhe,2017,Karlsruhe University of Applied Sciences,grid.434954.b
PH Karlsruhe,2017,Karlsruhe University of Education,grid.461786.a
HS Kehl,2017,Kehl University of Applied Sciences,grid.454321.5
FH Kiel,2017,Fachhochschule Kiel,grid.440947.a
HTWG Konstanz,2017,Hochschule Konstanz University of Applied Sciences,grid.454352.1
HaW Landshut,2017,University of Applied Sciences Landshut,grid.449759.2
DHBW Loerrach,2017,Baden-Wuerttemberg Cooperative State University,grid.449295.7
HS Ludwigsburg,2017,University of Applied Sciences - Public Administration and Finance Ludwigsburg,grid.507514.2
DHBW Mannheim,2017,Baden-Wuerttemberg Cooperative State University,grid.449295.7
HS Mannheim,2017,Mannheim University of Applied Sciences,grid.440963.c
DHBW Mosbach,2017,Baden-Wuerttemberg Cooperative State University,grid.449295.7
HaW Muenchen,2017,Munich University of Applied Sciences,grid.434949.7
HS Neubrandenburg,2017,Neubrandenburg University of Applied Sciences,grid.461681.c
TH Nuernberg Georg Simon Ohm,2017,Georg Simon Ohm University of Applied Sciences Nuremberg,grid.454272.2
HS Nuertingen,2017,Nuertingen-Geislingen University of Applied Science,grid.449562.8
HS Offenburg,2017,Offenburg University of Applied Sciences,grid.440974.a
HS Pforzheim,2017,Pforzheim University of Applied Sciences,grid.449261.c
DHBW Ravensburg,2017,Baden-Wuerttemberg Cooperative State University,grid.449295.7
HS Ravensburg-Weingarten,2017,University of Applied Sciences Ravensburg-Weingarten,grid.449767.f
Ostbayerische TH Regensburg,2017,Regensburg University of Applied Sciences,grid.434958.7
HS Reutlingen,2017,Reutlingen University,grid.434088.3
HaW Rosenheim,2017,University of Applied Sciences Rosenheim,grid.449770.9
HS Rottenburg,2017,Rottenburg University of Applied Forest Sciences,grid.449500.c
HS Schwaebisch Gmuend,2017,University of Design Schwaebisch Gmuend,grid.466226.2
DHBW Stuttgart,2017,Baden-Wuerttemberg Cooperative State University,grid.449295.7
HdM Stuttgart,2017,Stuttgart Media University,grid.434945.b
HfT Stuttgart,2017,Stuttgart University of Applied Sciences,grid.434950.f
HS Ulm,2017,Hochschule Ulm,grid.434100.2
DHBW Villingen-Schwenningen,2017,Baden-Wuerttemberg Cooperative State University,grid.449295.7
HS Villingen-Schwenningen,2017,,
PH Weingarten,2017,University of Education Weingarten,grid.466241.3
HaW Wuerzburg-Schweinfurt,2017,University of Applied Sciences Wuerzburg-Schweinfurt,grid.449775.c
Alfred-Wegener-Institut – Helmholtz-Zentrum fuer Polar- und Meeresforschung (AWI),2017,Alfred Wegener Institute for Polar and Marine Research,grid.10894.34
Bernhard-Nocht-Institut fuer Tropenmedizin,2017,Bernhard Nocht Institute for Tropical Medicine,grid.424065.1
Deutsches Elektronen-Synchrotron DESY,2017,Deutsches Elektronen-Synchrotron DESY,grid.7683.a
Deutsches Krebsforschungszentrum (DKFZ),2017,German Cancer Research Center,grid.7497.d
Deutsches Rheuma-Forschungszentrum (DRFZ) Berlin,2017,German Rheumatism Research Centre,grid.418217.9
Deutsches Zentrum fuer Luft- und Raumfahrt e.V. (DLR),2017,German Aerospace Center,grid.7551.6
Deutsches Zentrum fuer Neurodegenerative Erkrankungen e. V. (DZNE) Bonn,2017,German Center for Neurodegenerative Diseases,grid.424247.3
Helmholtz-Zentrum Berlin (HZB),2017,Helmholtz-Zentrum Berlin,grid.424048.e
Helmholtz-Zentrum Dresden-Rossendorf (HZDR),2017,Helmholtz-Zentrum Dresden-Rossendorf,grid.40602.30
Helmholtz-Zentrum Geesthacht – Zentrum fuer Material- und Kuestenforschung (HZG),2017,Helmholtz-Zentrum Geesthacht Centre for Materials and Coastal Research,grid.24999.3f
Helmholtz-Zentrum fuer Infektionsforschung,2017,Helmholtz Centre for Infection Research,grid.7490.a
Helmholtz-Zentrum Muenchen – Deutsches Forschungszentrum fuer Gesundheit und Umwelt,2017,Helmholtz Zentrum Muenchen,grid.4567.0
Helmholtz-Zentrum fuer Ozeanforschung Kiel (GEOMAR),2017,GEOMAR Helmholtz Centre for Ocean Research Kiel,grid.15649.3f
Helmholtz-Zentrum Potsdam – Deutsches GeoForschungsZentrum GFZ,2017,Helmholtz Centre Potsdam - GFZ German Research Centre for Geosciences,grid.23731.34
GSI Helmholtzzentrum fuer Schwerionenforschung GmbH Darmstadt,2017,GSI Helmholtz Centre for Heavy Ion Research,grid.159791.2
Helmholtz-Zentrum fuer Umweltforschung (UFZ),2017,Helmholtz Centre for Environmental Research,grid.7492.8
Leibniz-Institut DSMZ-Deutsche Sammlung von Mikroorganismen und Zellkulturen GmbH,2017,Leibniz Institute DSMZ – German Collection of Microorganisms and Cell Cultures,grid.420081.f
Leibniz-Institut fuer Troposphaerenforschung e. V. (TROPOS) Leipzig,2017,Leibniz Institute for Tropospheric Research,grid.424885.7
Leibniz-Zentrum Allgemeine Sprachwissenschaft (ZAS),2017,Zentrum fuer Allgemeine Sprachwissenschaft,grid.473828.2
Max-Delbrueck-Centrum fuer Molekulare Medizin (MDC),2017,Max Delbrueck Center for Molecular Medicine,grid.419491.0
"Museum fuer Naturkunde, Leibniz-Institut fuer Evolutions- und Biodiversitaetsforschung",2017,Leibniz-Institut fuer Evolutions- und Biodiversitaetsforschung Museum fuer Naturkunde,grid.422371.1
Robert Koch-Institut (RKI),2017,Robert Koch Institute,grid.13652.33
Zentrum fuer Europaeische Wirtschaftsforschung GmbH (ZEW),2017,Centre For European Economic Research,grid.13414.33
Uni Bonn,2018,University of Bonn,grid.10388.32
TU Chemnitz,2018,Chemnitz University of Technology,grid.6810.f
TU Dresden,2018,TU Dresden,grid.4488.0
Uni Duisburg-Essen,2018,University of Duisburg-Essen,grid.5718.b
TU Freiberg,2018,Freiberg University of Mining And Technology,grid.6862.a
TU Hamburg-Harburg,2018,Hamburg University of Technology,grid.6884.2
Uni Leipzig,2018,Leipzig University,grid.9647.c
Uni Paderborn,2018,University of Paderborn,grid.5659.f
EH Dresden,2018,Evangelische Hochschule Dresden,grid.466406.6
HfBK Dresden,2018,Dresden Academy of Fine Arts,grid.462289.3
HfM Dresden,2018,Carl Maria von Weber College of Music,grid.461657.7
HTW Dresden,2018,Dresden University of Applied Sciences,grid.434947.9
HGB Leipzig,2018,Hochschule fuer Grafik und Buchkunst Leipzig,grid.462294.f
HMT Leipzig,2018,University of Music and Theatre Leipzig,grid.449986.e
HTWK Leipzig,2018,Leipzig University of Applied Sciences,grid.448945.0
HS Mittweida,2018,Hochschule Mittweida,grid.452873.f
FH Muenster,2018,Muenster University of Applied Sciences,grid.440964.b
HTW Saarland,2018,Hochschule fuer Technik und Wirtschaft des Saarlandes,grid.424705.0
HS Zittau/Goerlitz,2018,Zittau/Goerlitz University of Applied Sciences,grid.440523.4
Westsaechsische Hochschule Zwickau,2018,Westsaechsische Hochschule Zwickau,grid.466393.d
Forschungszentrum Juelich (FZJ),2018,Forschungszentrum Juelich,grid.8385.6
Wissenschaftszentrum Berlin fuer Sozialforschung (WZB),2018,Social Science Research Center Berlin,grid.13388.31
Bundesanstalt fuer Materialforschung und -pruefung (BAM),2018,Bundesanstalt fuer Materialforschung und -pruefung,grid.71566.33
Saechsische Landesbibliothek – Staats- und Universitaetsbibliothek Dresden (SLUB),2018,Saxon State and University Library Dresden,grid.449614.a
Fraunhofer-Gesellschaft (FhG),2018,Frauenhofer Society,grid.4561.6
,2018,Fraunhofer Austria,grid.469832.2
,2018,Fraunhofer Center for International Management and Knowledge Economy,grid.462230.1
,2018,Fraunhofer Center for Maritime Logistics and Services,grid.469859.f
,2018,Fraunhofer Chalmers Research Centre for Industrial Mathematics,grid.452079.d
,2018,Fraunhofer Chile Research Foundation,grid.469835.5
,2018,Fraunhofer Group for Microelectronics,grid.507670.3
,2018,Fraunhofer ICT Group,grid.506225.6
,2018,Fraunhofer Information Center for Planning and Building,grid.469872.6
,2018,Fraunhofer Institute for Algorithms and Scientific Computing,grid.418688.b
,2018,Fraunhofer Institute for Applied Information Technology,grid.469870.4
,2018,Fraunhofer Institute for Applied Optics and Precision Engineering,grid.418007.a
,2018,Fraunhofer Institute for Applied Polymer Research,grid.461615.1
,2018,Fraunhofer Institute for Applied Solid State Physics,grid.424642.2
,2018,Fraunhofer Institute for Applied and Integrated Security,grid.469867.2
,2018,Fraunhofer Institute for Biomedical Engineering,grid.452493.d
,2018,Fraunhofer Institute for Building Physics,grid.469871.5
,2018,Fraunhofer Institute for Cell Therapy and Immunology,grid.418008.5
,2018,Fraunhofer Institute for Ceramic Technologies and Systems,grid.461622.5
,2018,Fraunhofer Institute for Chemical Technology,grid.461616.2
,2018,Fraunhofer Institute for Cognitive Systems,grid.469865.0
,2018,"Fraunhofer Institute for Communication, Information Processing and Ergonomics",grid.469836.6
,2018,Fraunhofer Institute for Computer Graphics Research,grid.461618.c
,2018,Fraunhofer Institute for Digital Media Technology,grid.469861.4
,2018,Fraunhofer Institute for Digital Medicine,grid.428590.2
,2018,Fraunhofer Institute for Electronic Nano Systems,grid.469847.0
,2018,Fraunhofer Institute for Energy Economics and Energy System Technology,grid.506250.4
,2018,"Fraunhofer Institute for Environmental, Safety, and Energy Technology",grid.424428.c
,2018,Fraunhofer Institute for Experimental Software Engineering,grid.469863.6
,2018,Fraunhofer Institute for Factory Operation and Automation,grid.469818.a
,2018,Fraunhofer Institute for High Frequency Physics and Radar Techniques,grid.461619.d
,2018,"Fraunhofer Institute for High-Speed Dynamics, Ernst-Mach-Institut",grid.461627.0
,2018,Fraunhofer Institute for Industrial Engineering,grid.434477.7
,2018,Fraunhofer Institute for Industrial Mathematics,grid.461635.3
,2018,Fraunhofer Institute for Integrated Circuits,grid.469823.2
,2018,Fraunhofer Institute for Integrated Systems and Device Technology,grid.469855.3
,2018,Fraunhofer Institute for Intelligent Analysis and Information Systems,grid.469822.3
,2018,Fraunhofer Institute for Interfacial Engineering and Biotechnology,grid.469831.1
,2018,Fraunhofer Institute for Laser Technology,grid.461628.f
,2018,Fraunhofer Institute for Machine Tools and Forming Technology,grid.461651.1
,2018,Fraunhofer Institute for Manufacturing Engineering and Automation,grid.469833.3
,2018,Fraunhofer Institute for Manufacturing Technology and Advanced Materials,grid.461617.3
,2018,Fraunhofer Institute for Material Flow and Logistics,grid.469827.6
,2018,Fraunhofer Institute for Material and Beam Technology,grid.461641.0
,2018,Fraunhofer Institute for Mechanics of Materials,grid.461645.4
,2018,Fraunhofer Institute for Mechatronic Systems Design,grid.469868.d
,2018,Fraunhofer Institute for Microelectronic Circuits and Systems,grid.469854.2
,2018,Fraunhofer Institute for Microengineering and Microsystems,grid.28894.3f
,2018,Fraunhofer Institute for Microstructure of Materials and Systems,grid.469857.1
,2018,Fraunhofer Institute for Molecular Biology and Applied Ecology,grid.418010.c
,2018,Fraunhofer Institute for Nondestructive Testing,grid.469830.0
,2018,Fraunhofer Institute for Open Communication Systems,grid.469837.7
,2018,"Fraunhofer Institute for Organic Electronics, Electron Beam and Plasma Technology",grid.469851.7
,2018,Fraunhofer Institute for Photonic Microsystems,grid.469853.5
,2018,Fraunhofer Institute for Physical Measurement Techniques,grid.461631.7
,2018,Fraunhofer Institute for Process Engineering and Packaging,grid.466709.a
,2018,Fraunhofer Institute for Production Systems and Design Technology,grid.469819.b
,2018,Fraunhofer Institute for Production Technology,grid.461634.2
,2018,Fraunhofer Institute for Reliability and Microintegration,grid.469839.9
,2018,Fraunhofer Institute for Secure Information Technology,grid.469848.f
,2018,Fraunhofer Institute for Silicate Research,grid.424644.4
,2018,Fraunhofer Institute for Silicon Technology,grid.469817.5
,2018,Fraunhofer Institute for Software and Systems Engineering,grid.469821.0
,2018,Fraunhofer Institute for Solar Energy Systems,grid.434479.9
,2018,Fraunhofer Institute for Structural Durability and System Reliability,grid.434481.e
,2018,Fraunhofer Institute for Surface Engineering and Thin Films,grid.462227.7
,2018,Fraunhofer Institute for Systems and Innovation Research,grid.459551.9
,2018,Fraunhofer Institute for Technological Trend Analysis,grid.469856.0
,2018,"Fraunhofer Institute for Telecommunications, Heinrich Hertz Institute",grid.435231.2
,2018,Fraunhofer Institute for Toxicology and Experimental Medicine,grid.418009.4
,2018,Fraunhofer Institute for Transportation and Infrastructure Systems,grid.469826.7
,2018,Fraunhofer Institute for Wind Energy Systems,grid.8440.8
,2018,Fraunhofer Institute for Wood Research Wilhelm-Klauditz-Institut,grid.469829.8
,2018,"Fraunhofer Institute of Optronics, System Technologies and Image Exploitation",grid.466706.5
,2018,Fraunhofer Italia Research,grid.469820.1
,2018,Fraunhofer Portugal Research,grid.422955.d
,2018,Fraunhofer Project Centre Wolfsburg,grid.507673.0
,2018,Fraunhofer Research Institution for Additive Production Technology,grid.506239.b
,2018,"Fraunhofer Research Institution for Casting, Composite and Processing Technology",grid.506241.4
,2018,Fraunhofer Research Institution for Energy Infrastructures and Geothermal Systems,grid.507723.4
,2018,Fraunhofer Research Institution for Large Structures in Production Engineering,grid.506226.5
,2018,Fraunhofer Research Institution for Marine Biotechnology and Cell Technology,grid.469834.4
,2018,Fraunhofer Research Institution for Microsystems and Solid State Technologies,grid.469866.3
,2018,Fraunhofer Singapore,grid.507721.6
,2018,Fraunhofer UK Research,grid.469824.5
,2018,Fraunhofer USA,grid.426697.8
Max-Planck-Gesellschaft (MPG),2018,Max Planck Society,grid.4372.2
,2018,Max Planck Center for Visual Computing and Communication,grid.484444.c
,2018,Max Planck Computing and Data Facility,grid.470196.d
,2018,Max Planck Digital Library,grid.431460.4
,2018,Max Planck Florida Institute for Neuroscience,grid.421185.b
,2018,Max Planck Graduate Center,grid.484448.0
,2018,Max Planck Innovation,grid.474028.d
,2018,"Max Planck Institute Luxemburg for International, European and Regulatory Procedural Law",grid.470201.0
,2018,Max Planck Institute for Astronomy,grid.429508.2
,2018,Max Planck Institute for Astrophysics,grid.452596.9
,2018,Max Planck Institute for Biogeochemistry,grid.419500.9
,2018,Max Planck Institute for Biological Cybernetics,grid.419501.8
,2018,Max Planck Institute for Biology,grid.419580.1
,2018,Max Planck Institute for Biology of Ageing,grid.419502.b
,2018,Max Planck Institute for Biophysical Chemistry,grid.418140.8
,2018,Max Planck Institute for Brain Research,grid.419505.c
,2018,Max Planck Institute for Chemical Ecology,grid.418160.a
,2018,Max Planck Institute for Chemical Energy Conversion,grid.419576.8
,2018,Max Planck Institute for Chemical Physics of Solids,grid.419507.e
,2018,Max Planck Institute for Chemistry,grid.419509.0
,2018,Max Planck Institute for Coal Research,grid.419607.d
,2018,Max Planck Institute for Comparative Public Law and International Law,grid.461768.a
,2018,Max Planck Institute for Comparative and International Private Law,grid.461770.3
,2018,Max Planck Institute for Demographic Research,grid.419511.9
,2018,Max Planck Institute for Developmental Biology,grid.419495.4
,2018,Max Planck Institute for Dynamics and Self Organization,grid.419514.c
,2018,Max Planck Institute for Dynamics of Complex Technical Systems,grid.419517.f
,2018,Max Planck Institute for Empirical Aesthetics,grid.461782.e
,2018,Max Planck Institute for European Legal History,grid.461787.b
,2018,Max Planck Institute for Evolutionary Anthropology,grid.419518.0
,2018,Max Planck Institute for Evolutionary Biology,grid.419520.b
,2018,Max Planck Institute for Extraterrestrial Physics,grid.450265.0
,2018,Max Planck Institute for Foreign and International Criminal Law,grid.461774.7
,2018,Max Planck Institute for Gravitational Physics,grid.450243.4
,2018,Max Planck Institute for Heart and Lung Research,grid.418032.c
,2018,Max Planck Institute for Human Cognitive and Brain Sciences,grid.419524.f
,2018,Max Planck Institute for Human Development,grid.419526.d
,2018,Max Planck Institute for Infection Biology,grid.418159.0
,2018,Max Planck Institute for Informatics,grid.419528.3
,2018,Max Planck Institute for Innovation and Competition,grid.469479.1
,2018,Max Planck Institute for Intelligent Systems,grid.419534.e
,2018,Max Planck Institute for Iron Research,grid.13829.31
,2018,Max Planck Institute for Marine Microbiology,grid.419529.2
,2018,Max Planck Institute for Mathematics,grid.461798.5
,2018,Max Planck Institute for Mathematics in the Sciences,grid.419532.8
,2018,Max Planck Institute for Medical Research,grid.414703.5
,2018,Max Planck Institute for Metabolism Research,grid.418034.a
,2018,Max Planck Institute for Meteorology,grid.450268.d
,2018,Max Planck Institute for Molecular Biomedicine,grid.461801.a
,2018,Max Planck Institute for Molecular Genetics,grid.419538.2
,2018,Max Planck Institute for Nuclear Physics,grid.419604.e
,2018,Max Planck Institute for Ornithology,grid.419542.f
,2018,Max Planck Institute for Physics,grid.435824.c
,2018,Max Planck Institute for Plant Breeding Research,grid.419498.9
,2018,Max Planck Institute for Plasma Physics,grid.461804.f
,2018,Max Planck Institute for Polymer Research,grid.419547.a
,2018,Max Planck Institute for Psycholinguistics,grid.419550.c
,2018,Max Planck Institute for Radio Astronomy,grid.450267.2
,2018,Max Planck Institute for Research on Collective Goods,grid.461813.9
,2018,Max Planck Institute for Social Anthropology,grid.461785.9
,2018,Max Planck Institute for Social Law and Social Policy,grid.462523.4
,2018,Max Planck Institute for Software Systems,grid.469860.5
,2018,Max Planck Institute for Solar System Research,grid.435826.e
,2018,Max Planck Institute for Solid State Research,grid.419552.e
,2018,Max Planck Institute for Tax Law and Public Finance,grid.461808.3
,2018,Max Planck Institute for Terrestrial Microbiology,grid.419554.8
,2018,Max Planck Institute for the History of Science,grid.419556.a
,2018,Max Planck Institute for the Physics of Complex Systems,grid.419560.f
,2018,Max Planck Institute for the Science of Human History,grid.469873.7
,2018,Max Planck Institute for the Science of Light,grid.419562.d
,2018,Max Planck Institute for the Structure and Dynamics of Matter,grid.469852.4
,2018,Max Planck Institute for the Study of Religious and Ethnic Diversity,grid.454072.0
,2018,Max Planck Institute for the Study of Societies,grid.461792.f
,2018,Max Planck Institute of Animal Behavior,grid.507516.0
,2018,Max Planck Institute of Biochemistry,grid.418615.f
,2018,Max Planck Institute of Biophysics,grid.419494.5
,2018,Max Planck Institute of Colloids and Interfaces,grid.419564.b
,2018,Max Planck Institute of Experimental Medicine,grid.419522.9
,2018,Max Planck Institute of Immunobiology and Epigenetics,grid.429509.3
,2018,Max Planck Institute of Microstructure Physics,grid.450270.4
,2018,Max Planck Institute of Molecular Cell Biology and Genetics,grid.419537.d
,2018,Max Planck Institute of Molecular Physiology,grid.418441.c
,2018,Max Planck Institute of Molecular Plant Physiology,grid.418390.7
,2018,Max Planck Institute of Neurobiology,grid.429510.b
,2018,Max Planck Institute of Psychiatry,grid.419548.5
,2018,Max Planck Institute of Quantum Optics,grid.450272.6
,2018,Max Planck Institutes Library,grid.494632.e
,2018,Max Planck Research Unit Neurogenetics,grid.470209.8
,2018,Max Planck Research Unit for Enzymology of Protein Folding,grid.462530.6
,2018,Max Planck Unit for Structural Molecular Biology,grid.469476.e
,2018,Max Planck Unit for the Science of Pathogens,grid.507437.2
,2018,Max Planck University of Twente Center for Complex Fluid Dynamics,grid.507518.e
,2018,Max Planck-Bristol Centre for Minimal Biology,grid.507517.1
,2018,Max-Planck-Institut für Zellbiologie,grid.500074.6
